id,name,city,pan,aadhar,dl_number,dl_for_vehicle_types,Available,rating
1,Driver_1,Abohar,ABCDE8398F,7471 3267 9731,DL-5429-490417,[2],True,
2,Driver_2,Abohar,ABCDE1569F,3889 4463 3724,DL-8843-128757,"[4, 1]",True,
3,Driver_3,Abohar,ABCDE1634F,7953 3874 3926,DL-1857-582481,"[2, 3, 1]",False,
4,Driver_4,Abohar,ABCDE4583F,9721 7872 3171,DL-6262-194253,"[2, 1, 4, 5]",False,
5,Driver_5,Abohar,ABCDE2854F,3182 4436 7704,DL-1551-145264,"[1, 2, 4, 3, 5]",False,
6,Driver_6,Abohar,ABCDE1732F,8737 5359 1963,DL-9308-335966,[1],True,
7,Driver_7,Abohar,ABCDE4053F,9918 1977 4002,DL-2832-511212,"[3, 4]",False,
8,Driver_8,Abohar,ABCDE1425F,1724 7572 3009,DL-1887-423963,"[3, 1, 5]",True,
9,Driver_9,Abohar,ABCDE3255F,7963 1741 9116,DL-3922-590402,"[1, 2, 4, 5]",True,
10,Driver_10,Abohar,ABCDE6173F,7969 1582 8049,DL-3777-149917,"[1, 3, 4, 2, 5]",True,
11,Driver_11,Abohar,ABCDE7293F,8777 1015 4876,DL-1060-203429,[1],False,
12,Driver_12,Abohar,ABCDE3884F,9988 7294 2914,DL-4851-385098,"[2, 1]",False,
13,Driver_13,Abohar,ABCDE1612F,7446 8572 6453,DL-6055-982568,"[3, 5, 4]",True,
14,Driver_14,Abohar,ABCDE7469F,3548 7663 3181,DL-8107-448760,"[3, 2, 5, 1]",True,
15,Driver_15,Abohar,ABCDE8185F,1327 5398 6123,DL-7910-701569,"[2, 4, 3, 5, 1]",True,
16,Driver_16,Adilabad,ABCDE5681F,6056 9305 2183,DL-2638-475093,[4],False,
17,Driver_17,Adilabad,ABCDE5885F,1248 5232 5679,DL-5632-323426,"[5, 2]",False,
18,Driver_18,Adilabad,ABCDE6354F,2503 4828 7385,DL-1982-748484,"[5, 3, 4]",False,
19,Driver_19,Adilabad,ABCDE9013F,3543 3444 4586,DL-7906-613610,"[1, 5, 4, 2]",False,
20,Driver_20,Adilabad,ABCDE4737F,7466 6222 4176,DL-9443-466738,"[5, 4, 3, 1, 2]",False,
21,Driver_21,Adilabad,ABCDE5929F,9791 5504 7017,DL-9687-863322,[3],True,
22,Driver_22,Adilabad,ABCDE9331F,6596 6060 8655,DL-6644-658425,"[2, 3]",False,
23,Driver_23,Adilabad,ABCDE3326F,4825 4669 1430,DL-1999-265853,"[2, 4, 3]",True,
24,Driver_24,Adilabad,ABCDE2062F,3877 5735 9885,DL-4535-534597,"[3, 5, 2, 4]",True,
25,Driver_25,Adilabad,ABCDE7801F,4627 3159 1120,DL-4021-104148,"[4, 3, 2, 5, 1]",True,
26,Driver_26,Adilabad,ABCDE1954F,5225 4062 7394,DL-5150-455113,[3],False,
27,Driver_27,Adilabad,ABCDE5116F,1601 6086 1082,DL-2580-226217,"[2, 5]",True,
28,Driver_28,Adilabad,ABCDE9053F,2827 4665 4424,DL-7580-920862,"[1, 4, 3]",False,
29,Driver_29,Adilabad,ABCDE4231F,1689 6453 8661,DL-2376-304455,"[2, 4, 1, 5]",True,
30,Driver_30,Adilabad,ABCDE5150F,4783 3593 5471,DL-3695-387534,"[3, 2, 1, 4, 5]",False,
31,Driver_31,Adilabad,ABCDE6665F,2509 1285 8296,DL-4353-194020,[4],True,
32,Driver_32,Adilabad,ABCDE3653F,7299 5255 7736,DL-5275-632577,"[1, 5]",True,
33,Driver_33,Adilabad,ABCDE7514F,3638 8225 1564,DL-7144-434487,"[5, 3, 2]",False,
34,Driver_34,Adilabad,ABCDE6736F,9784 9157 2562,DL-7453-755698,"[4, 3, 1, 5]",False,
35,Driver_35,Adilabad,ABCDE3907F,4801 2107 9509,DL-1245-136708,"[3, 4, 5, 1, 2]",True,
36,Driver_36,Agartala,ABCDE5130F,2306 6980 7981,DL-9572-465133,[3],False,
37,Driver_37,Agartala,ABCDE8629F,2517 2547 1475,DL-1437-873873,"[5, 3]",False,
38,Driver_38,Agartala,ABCDE3556F,7286 8044 6769,DL-5872-573409,"[2, 5, 1]",False,
39,Driver_39,Agartala,ABCDE3591F,7857 2988 5624,DL-3097-167879,"[4, 5, 2, 3]",True,
40,Driver_40,Agartala,ABCDE3127F,1681 8651 9004,DL-2516-646200,"[1, 5, 2, 4, 3]",False,
41,Driver_41,Agartala,ABCDE3513F,6937 2188 5929,DL-7693-957009,[4],False,
42,Driver_42,Agartala,ABCDE9122F,6526 4816 3064,DL-2147-535460,"[1, 3]",False,
43,Driver_43,Agartala,ABCDE7742F,9552 7268 1218,DL-5043-863944,"[5, 2, 1]",False,
44,Driver_44,Agartala,ABCDE6022F,4373 1257 8358,DL-9430-408467,"[2, 1, 5, 4]",False,
45,Driver_45,Agartala,ABCDE9311F,5186 1848 8133,DL-4609-932161,"[5, 2, 3, 1, 4]",True,
46,Driver_46,Agartala,ABCDE4623F,3563 1999 3208,DL-6049-814138,[4],False,
47,Driver_47,Agartala,ABCDE3967F,6198 5997 3830,DL-2958-721780,"[1, 3]",False,
48,Driver_48,Agartala,ABCDE9055F,8007 5307 8862,DL-9558-235561,"[4, 1, 2]",True,
49,Driver_49,Agartala,ABCDE8796F,6931 3580 5378,DL-8555-754879,"[5, 2, 4, 1]",False,
50,Driver_50,Agartala,ABCDE5816F,7444 7527 6176,DL-6784-351361,"[4, 1, 5, 3, 2]",False,
51,Driver_51,Agartala,ABCDE8071F,5329 3863 9776,DL-4715-100901,[2],False,
52,Driver_52,Agartala,ABCDE9030F,1878 9939 3774,DL-4063-747982,"[2, 5]",False,
53,Driver_53,Agartala,ABCDE9270F,2443 4195 4347,DL-1729-965606,"[4, 3, 2]",True,
54,Driver_54,Agartala,ABCDE1484F,7756 1508 4674,DL-8190-375559,"[4, 1, 2, 5]",False,
55,Driver_55,Agartala,ABCDE3215F,6286 8057 4481,DL-6838-584580,"[4, 2, 1, 5, 3]",False,
56,Driver_56,Agra,ABCDE6319F,4948 6741 4726,DL-5018-931190,[4],False,
57,Driver_57,Agra,ABCDE5458F,3769 7960 5659,DL-4886-560135,"[4, 3]",False,
58,Driver_58,Agra,ABCDE9779F,1558 7788 5917,DL-4981-179099,"[5, 2, 4]",False,
59,Driver_59,Agra,ABCDE4261F,9689 2207 8092,DL-5490-442358,"[3, 4, 2, 5]",True,
60,Driver_60,Agra,ABCDE3434F,4198 9618 1707,DL-3212-125793,"[4, 5, 1, 3, 2]",True,
61,Driver_61,Agra,ABCDE4632F,5603 6325 2644,DL-3936-308500,[3],False,
62,Driver_62,Agra,ABCDE7044F,6575 9503 5777,DL-6756-756917,"[5, 4]",False,
63,Driver_63,Agra,ABCDE6073F,9736 1329 4159,DL-9325-891931,"[4, 3, 2]",False,
64,Driver_64,Agra,ABCDE7595F,7864 8581 3555,DL-2093-813309,"[3, 1, 4, 5]",True,
65,Driver_65,Agra,ABCDE6106F,1743 9435 3613,DL-2756-981010,"[5, 3, 4, 2, 1]",True,
66,Driver_66,Ahmadnagar,ABCDE7068F,6964 4725 7319,DL-7094-609026,[4],False,
67,Driver_67,Ahmadnagar,ABCDE3640F,7404 7107 4016,DL-2982-128992,"[2, 3]",False,
68,Driver_68,Ahmadnagar,ABCDE1916F,1492 3047 6826,DL-1045-487946,"[1, 4, 5]",True,
69,Driver_69,Ahmadnagar,ABCDE2233F,8236 8658 6505,DL-8204-172374,"[4, 5, 1, 2]",False,
70,Driver_70,Ahmadnagar,ABCDE8813F,4217 6760 4457,DL-5726-610033,"[2, 1, 5, 3, 4]",True,
71,Driver_71,Ahmadnagar,ABCDE1699F,5603 1053 3561,DL-7170-463682,[1],True,
72,Driver_72,Ahmadnagar,ABCDE8130F,9053 2067 5237,DL-6951-946722,"[3, 2]",True,
73,Driver_73,Ahmadnagar,ABCDE6843F,4532 2532 8706,DL-6522-425747,"[4, 5, 3]",False,
74,Driver_74,Ahmadnagar,ABCDE6214F,6255 4868 1456,DL-6217-683248,"[3, 2, 1, 4]",False,
75,Driver_75,Ahmadnagar,ABCDE1432F,2549 9354 3400,DL-1917-282656,"[2, 5, 4, 3, 1]",False,
76,Driver_76,Ahmadnagar,ABCDE1795F,6676 2816 3220,DL-7253-897145,[4],False,
77,Driver_77,Ahmadnagar,ABCDE5701F,3763 4448 8351,DL-4835-640067,"[4, 1]",False,
78,Driver_78,Ahmadnagar,ABCDE6956F,9899 8384 2896,DL-9697-909492,"[5, 1, 4]",True,
79,Driver_79,Ahmadnagar,ABCDE8212F,6008 1519 8022,DL-1651-631128,"[5, 4, 2, 3]",True,
80,Driver_80,Ahmadnagar,ABCDE8389F,2992 9938 7520,DL-9074-674946,"[5, 2, 3, 4, 1]",True,
81,Driver_81,Ahmadnagar,ABCDE5457F,9270 6354 6404,DL-5956-401732,[4],True,
82,Driver_82,Ahmadnagar,ABCDE6596F,9628 8774 5774,DL-5634-491083,"[2, 3]",False,
83,Driver_83,Ahmadnagar,ABCDE8754F,9614 9058 5888,DL-1719-678800,"[3, 5, 2]",False,
84,Driver_84,Ahmadnagar,ABCDE7216F,7423 2062 9465,DL-5524-132577,"[2, 3, 5, 1]",True,
85,Driver_85,Ahmadnagar,ABCDE8941F,5372 5988 9987,DL-5786-997879,"[2, 3, 1, 4, 5]",False,
86,Driver_86,Ahmadnagar,ABCDE7209F,1851 2614 5775,DL-3929-199518,[1],True,
87,Driver_87,Ahmadnagar,ABCDE2155F,4123 7070 5669,DL-1151-226606,"[4, 5]",False,
88,Driver_88,Ahmadnagar,ABCDE4619F,2158 6021 7588,DL-8009-369639,"[4, 2, 5]",False,
89,Driver_89,Ahmadnagar,ABCDE8124F,9209 9555 9964,DL-7508-786579,"[5, 4, 3, 1]",True,
90,Driver_90,Ahmadnagar,ABCDE3101F,6692 5457 6742,DL-9593-375731,"[1, 5, 4, 3, 2]",False,
91,Driver_91,Ahmedabad,ABCDE7130F,7691 6241 5818,DL-3447-558109,[2],True,
92,Driver_92,Ahmedabad,ABCDE6384F,4463 9831 7300,DL-4019-172349,"[3, 5]",True,
93,Driver_93,Ahmedabad,ABCDE4526F,3727 4447 5129,DL-8663-365810,"[3, 1, 4]",False,
94,Driver_94,Ahmedabad,ABCDE2779F,5104 6094 5060,DL-2353-548820,"[2, 3, 5, 4]",False,
95,Driver_95,Ahmedabad,ABCDE3125F,6028 8796 3449,DL-8857-377666,"[3, 2, 5, 4, 1]",False,
96,Driver_96,Ahmedabad,ABCDE4578F,3433 6075 1243,DL-9634-492180,[5],True,
97,Driver_97,Ahmedabad,ABCDE5527F,8169 5524 8430,DL-3699-929327,"[3, 1]",True,
98,Driver_98,Ahmedabad,ABCDE6159F,9838 3706 6937,DL-6611-661700,"[2, 4, 5]",False,
99,Driver_99,Ahmedabad,ABCDE4909F,8208 7626 2311,DL-1432-699267,"[1, 3, 4, 5]",True,
100,Driver_100,Ahmedabad,ABCDE3827F,5681 4766 3059,DL-5387-247019,"[4, 2, 3, 5, 1]",False,
101,Driver_101,Ahmedabad,ABCDE1585F,6191 8542 8372,DL-9038-446441,[1],True,
102,Driver_102,Ahmedabad,ABCDE4460F,6551 6999 4464,DL-6362-211532,"[1, 5]",True,
103,Driver_103,Ahmedabad,ABCDE6736F,5149 4545 3220,DL-2436-236559,"[2, 4, 1]",False,
104,Driver_104,Ahmedabad,ABCDE8301F,7565 2874 1377,DL-1622-121821,"[5, 1, 4, 2]",True,
105,Driver_105,Ahmedabad,ABCDE2903F,7934 6718 1242,DL-7051-824279,"[3, 2, 5, 1, 4]",True,
106,Driver_106,Ahmedabad,ABCDE6756F,6881 2918 9812,DL-5914-828097,[1],True,
107,Driver_107,Ahmedabad,ABCDE5201F,1422 8878 1697,DL-5441-784856,"[5, 4]",True,
108,Driver_108,Ahmedabad,ABCDE1865F,2427 6079 6179,DL-3451-985828,"[3, 2, 1]",False,
109,Driver_109,Ahmedabad,ABCDE3681F,2935 3271 1444,DL-2013-296029,"[4, 1, 2, 5]",False,
110,Driver_110,Ahmedabad,ABCDE4817F,3832 5773 8859,DL-1651-692690,"[4, 1, 2, 3, 5]",True,
111,Driver_111,Aizawl  ,ABCDE1497F,9511 7706 8260,DL-8345-461807,[4],True,
112,Driver_112,Aizawl  ,ABCDE8325F,5161 1182 4884,DL-8519-636804,"[3, 5]",False,
113,Driver_113,Aizawl  ,ABCDE2196F,4344 3132 7624,DL-5809-105053,"[2, 5, 1]",True,
114,Driver_114,Aizawl  ,ABCDE6272F,3725 3280 5147,DL-4758-923729,"[4, 2, 3, 5]",False,
115,Driver_115,Aizawl  ,ABCDE4363F,2601 9124 1137,DL-3241-593113,"[4, 2, 1, 5, 3]",False,
116,Driver_116,Aizawl  ,ABCDE9542F,4009 3337 7529,DL-1968-910068,[3],True,
117,Driver_117,Aizawl  ,ABCDE7713F,6486 5234 5135,DL-9974-147945,"[3, 1]",True,
118,Driver_118,Aizawl  ,ABCDE2314F,5855 5973 8167,DL-3419-825477,"[4, 5, 1]",False,
119,Driver_119,Aizawl  ,ABCDE7244F,4672 1831 2652,DL-8396-186812,"[3, 5, 1, 4]",True,
120,Driver_120,Aizawl  ,ABCDE4998F,5490 6112 8448,DL-5305-436302,"[4, 5, 3, 1, 2]",True,
121,Driver_121,Aizawl  ,ABCDE2915F,8321 2119 4053,DL-7682-589500,[3],True,
122,Driver_122,Aizawl  ,ABCDE1971F,7105 1852 6608,DL-5641-801170,"[5, 2]",False,
123,Driver_123,Aizawl  ,ABCDE3439F,6312 6531 1508,DL-1841-918017,"[4, 1, 5]",False,
124,Driver_124,Aizawl  ,ABCDE1302F,2341 8795 2587,DL-6994-172547,"[5, 4, 3, 2]",False,
125,Driver_125,Aizawl  ,ABCDE4787F,1708 8953 1387,DL-4522-809155,"[1, 4, 2, 5, 3]",False,
126,Driver_126,Aizawl  ,ABCDE9732F,2145 3221 9012,DL-5869-102536,[1],True,
127,Driver_127,Aizawl  ,ABCDE6403F,3793 5894 3692,DL-8788-720413,"[5, 1]",False,
128,Driver_128,Aizawl  ,ABCDE3526F,3352 6365 5616,DL-1187-999984,"[5, 4, 1]",False,
129,Driver_129,Aizawl  ,ABCDE7268F,1597 3085 5309,DL-7072-140004,"[2, 4, 5, 1]",True,
130,Driver_130,Aizawl  ,ABCDE7835F,5995 8058 3240,DL-9031-325698,"[2, 5, 4, 3, 1]",False,
131,Driver_131,Aizawl  ,ABCDE7438F,9754 7870 5048,DL-4806-449214,[2],False,
132,Driver_132,Aizawl  ,ABCDE1414F,7005 8580 9488,DL-3387-931871,"[1, 2]",True,
133,Driver_133,Aizawl  ,ABCDE8369F,5968 2033 1634,DL-8917-527138,"[1, 2, 4]",False,
134,Driver_134,Aizawl  ,ABCDE6493F,6472 2068 9196,DL-3545-761210,"[5, 1, 2, 4]",False,
135,Driver_135,Aizawl  ,ABCDE2870F,5208 7614 6813,DL-8209-700022,"[5, 2, 3, 4, 1]",False,
136,Driver_136,Ajmer,ABCDE8404F,9516 7669 6202,DL-7544-836949,[3],False,
137,Driver_137,Ajmer,ABCDE1972F,9857 7173 9081,DL-2868-419350,"[5, 4]",False,
138,Driver_138,Ajmer,ABCDE8935F,7723 2335 5182,DL-7202-769897,"[1, 3, 4]",False,
139,Driver_139,Ajmer,ABCDE2348F,8262 2082 2588,DL-2698-666251,"[5, 1, 3, 2]",False,
140,Driver_140,Ajmer,ABCDE6375F,5387 5435 5757,DL-7469-317536,"[2, 5, 4, 1, 3]",False,
141,Driver_141,Ajmer,ABCDE8599F,7539 6024 1610,DL-3580-321227,[1],True,
142,Driver_142,Ajmer,ABCDE2785F,5477 9657 8162,DL-2553-748829,"[5, 3]",False,
143,Driver_143,Ajmer,ABCDE5290F,3215 8282 6035,DL-3993-558537,"[2, 1, 4]",True,
144,Driver_144,Ajmer,ABCDE2472F,1964 4684 3794,DL-4145-843293,"[2, 5, 3, 1]",False,
145,Driver_145,Ajmer,ABCDE4149F,6176 9102 2513,DL-8492-784755,"[2, 1, 3, 4, 5]",False,
146,Driver_146,Ajmer,ABCDE3143F,7435 7479 6626,DL-9325-588393,[4],True,
147,Driver_147,Ajmer,ABCDE6121F,2882 7145 4950,DL-5877-433407,"[1, 4]",True,
148,Driver_148,Ajmer,ABCDE6042F,7376 4026 6892,DL-5491-117827,"[4, 5, 3]",True,
149,Driver_149,Ajmer,ABCDE2440F,2397 6257 9691,DL-5059-401476,"[2, 1, 5, 4]",True,
150,Driver_150,Ajmer,ABCDE2120F,3535 1141 2728,DL-4324-523430,"[3, 4, 2, 1, 5]",True,
151,Driver_151,Ajmer,ABCDE9058F,7769 6547 3024,DL-8562-615654,[3],True,
152,Driver_152,Ajmer,ABCDE5529F,4562 8484 7804,DL-4302-175031,"[1, 4]",True,
153,Driver_153,Ajmer,ABCDE1364F,5977 8921 9470,DL-5803-774436,"[2, 1, 3]",True,
154,Driver_154,Ajmer,ABCDE9030F,7800 6488 7039,DL-3418-517271,"[3, 4, 5, 1]",False,
155,Driver_155,Ajmer,ABCDE7288F,5380 9346 4981,DL-4040-820755,"[1, 5, 2, 4, 3]",True,
156,Driver_156,Ajmer,ABCDE2907F,1390 5179 3731,DL-2218-889961,[2],False,
157,Driver_157,Ajmer,ABCDE7904F,6996 9881 6084,DL-9864-110386,"[3, 5]",False,
158,Driver_158,Ajmer,ABCDE8165F,4211 3541 1399,DL-8685-316816,"[4, 1, 5]",True,
159,Driver_159,Ajmer,ABCDE7868F,6651 5112 2881,DL-8048-590442,"[2, 1, 3, 5]",False,
160,Driver_160,Ajmer,ABCDE3913F,8933 3401 9259,DL-8868-902441,"[3, 2, 5, 1, 4]",True,
161,Driver_161,Akola,ABCDE8329F,3189 3635 7582,DL-3343-101175,[2],True,
162,Driver_162,Akola,ABCDE4721F,1733 1424 2199,DL-9640-426555,"[4, 1]",False,
163,Driver_163,Akola,ABCDE2464F,9209 7186 7965,DL-4988-224157,"[1, 4, 3]",True,
164,Driver_164,Akola,ABCDE9680F,9567 2581 1204,DL-6782-356599,"[4, 2, 1, 3]",True,
165,Driver_165,Akola,ABCDE1924F,8857 7932 9907,DL-8675-763047,"[2, 4, 5, 3, 1]",False,
166,Driver_166,Akola,ABCDE4265F,2896 9832 9720,DL-5225-225549,[3],False,
167,Driver_167,Akola,ABCDE5305F,2596 3314 3134,DL-3189-803682,"[5, 1]",True,
168,Driver_168,Akola,ABCDE8738F,8360 2298 8722,DL-2099-835522,"[2, 4, 1]",False,
169,Driver_169,Akola,ABCDE4574F,2097 9448 7183,DL-3235-809348,"[2, 1, 5, 4]",False,
170,Driver_170,Akola,ABCDE5623F,4512 6319 3487,DL-2636-441726,"[3, 2, 1, 5, 4]",True,
171,Driver_171,Akola,ABCDE2432F,8164 3120 7767,DL-1974-728621,[4],True,
172,Driver_172,Akola,ABCDE2318F,8683 8426 6434,DL-5771-348549,"[2, 5]",True,
173,Driver_173,Akola,ABCDE9714F,1850 6151 2541,DL-8567-586759,"[3, 5, 1]",True,
174,Driver_174,Akola,ABCDE9951F,8523 4257 7613,DL-4296-102855,"[4, 1, 3, 2]",False,
175,Driver_175,Akola,ABCDE3544F,6781 3865 2185,DL-3920-506690,"[3, 5, 2, 4, 1]",True,
176,Driver_176,Alappuzha,ABCDE2010F,1810 5383 8804,DL-8016-768166,[2],False,
177,Driver_177,Alappuzha,ABCDE7967F,5358 8866 4586,DL-2929-187137,"[2, 3]",False,
178,Driver_178,Alappuzha,ABCDE9882F,8587 6000 2625,DL-2437-601117,"[4, 2, 5]",False,
179,Driver_179,Alappuzha,ABCDE5695F,4210 8092 5980,DL-8114-154520,"[1, 3, 5, 4]",True,
180,Driver_180,Alappuzha,ABCDE2968F,9766 2853 8042,DL-7078-293040,"[5, 2, 3, 4, 1]",True,
181,Driver_181,Alappuzha,ABCDE4692F,3965 8311 8014,DL-1739-718211,[1],False,
182,Driver_182,Alappuzha,ABCDE3632F,2927 9507 3045,DL-4700-858298,"[3, 1]",False,
183,Driver_183,Alappuzha,ABCDE6162F,2706 3134 3290,DL-7084-448099,"[3, 1, 5]",False,
184,Driver_184,Alappuzha,ABCDE6973F,2074 4666 4332,DL-7672-893320,"[1, 5, 4, 2]",True,
185,Driver_185,Alappuzha,ABCDE6916F,8136 6412 5159,DL-9241-295787,"[1, 4, 2, 3, 5]",True,
186,Driver_186,Alappuzha,ABCDE8310F,1913 4297 8967,DL-5067-317661,[3],True,
187,Driver_187,Alappuzha,ABCDE3480F,8657 6834 9987,DL-3215-132702,"[2, 1]",True,
188,Driver_188,Alappuzha,ABCDE8385F,8862 5130 3367,DL-7424-287552,"[4, 1, 2]",True,
189,Driver_189,Alappuzha,ABCDE5329F,9857 4426 2455,DL-5393-549037,"[4, 5, 3, 2]",True,
190,Driver_190,Alappuzha,ABCDE4091F,6704 7874 9417,DL-9290-597864,"[4, 1, 5, 3, 2]",False,
191,Driver_191,Alappuzha,ABCDE8569F,6751 9216 1576,DL-7958-698177,[2],False,
192,Driver_192,Alappuzha,ABCDE4098F,2387 2186 3120,DL-6530-850115,"[3, 1]",True,
193,Driver_193,Alappuzha,ABCDE5960F,3388 2501 2309,DL-6443-331264,"[2, 5, 3]",False,
194,Driver_194,Alappuzha,ABCDE5691F,2227 8119 8137,DL-8084-690459,"[3, 1, 4, 2]",True,
195,Driver_195,Alappuzha,ABCDE2720F,2595 2085 4699,DL-6151-619073,"[1, 3, 5, 4, 2]",False,
196,Driver_196,Aligarh,ABCDE9771F,1364 8435 1145,DL-2262-570155,[5],False,
197,Driver_197,Aligarh,ABCDE3217F,6767 8249 7367,DL-5915-424609,"[5, 2]",False,
198,Driver_198,Aligarh,ABCDE2943F,1925 7831 5058,DL-7325-675628,"[4, 5, 2]",True,
199,Driver_199,Aligarh,ABCDE5423F,7078 8379 8217,DL-9870-434013,"[4, 2, 5, 1]",False,
200,Driver_200,Aligarh,ABCDE3290F,6480 8392 1382,DL-3253-230204,"[4, 1, 3, 5, 2]",False,
201,Driver_201,Aligarh,ABCDE6264F,1409 8749 3713,DL-4894-713343,[2],False,
202,Driver_202,Aligarh,ABCDE8044F,9980 6114 7883,DL-2209-960676,"[5, 2]",False,
203,Driver_203,Aligarh,ABCDE6793F,5261 1403 5172,DL-2825-392651,"[2, 3, 5]",False,
204,Driver_204,Aligarh,ABCDE4474F,5548 3082 3858,DL-8561-210264,"[1, 5, 3, 4]",True,
205,Driver_205,Aligarh,ABCDE9327F,9077 3307 2219,DL-8009-900049,"[5, 4, 1, 2, 3]",False,
206,Driver_206,Alipurduar,ABCDE6941F,4983 9039 5337,DL-9237-220618,[2],True,
207,Driver_207,Alipurduar,ABCDE5678F,1595 3154 2490,DL-1502-355188,"[5, 4]",False,
208,Driver_208,Alipurduar,ABCDE3814F,5984 7907 7045,DL-6455-609006,"[1, 4, 5]",False,
209,Driver_209,Alipurduar,ABCDE4861F,1613 9667 3050,DL-4125-820952,"[1, 3, 5, 2]",False,
210,Driver_210,Alipurduar,ABCDE9010F,4501 5520 8480,DL-5254-606503,"[2, 1, 4, 3, 5]",False,
211,Driver_211,Alipurduar,ABCDE2610F,3110 1962 9407,DL-2481-516503,[1],False,
212,Driver_212,Alipurduar,ABCDE9616F,8974 4810 7836,DL-3473-863096,"[2, 4]",False,
213,Driver_213,Alipurduar,ABCDE9428F,1405 3452 7042,DL-1313-300742,"[3, 4, 5]",False,
214,Driver_214,Alipurduar,ABCDE5063F,8976 9649 2272,DL-8676-378126,"[3, 1, 2, 4]",False,
215,Driver_215,Alipurduar,ABCDE1495F,1738 8492 3430,DL-6860-363026,"[3, 2, 1, 5, 4]",False,
216,Driver_216,Alipurduar,ABCDE7541F,1826 4597 2018,DL-3535-765756,[3],False,
217,Driver_217,Alipurduar,ABCDE4630F,1111 7781 6440,DL-4259-660908,"[2, 1]",True,
218,Driver_218,Alipurduar,ABCDE6504F,2375 6513 4917,DL-3686-544651,"[2, 5, 1]",True,
219,Driver_219,Alipurduar,ABCDE9829F,8366 1963 6651,DL-4701-839332,"[5, 3, 2, 4]",False,
220,Driver_220,Alipurduar,ABCDE3218F,3250 7029 5944,DL-7920-188678,"[3, 1, 4, 5, 2]",False,
221,Driver_221,Alipurduar,ABCDE4238F,9576 4089 8909,DL-2955-156451,[2],False,
222,Driver_222,Alipurduar,ABCDE2839F,8422 3592 1219,DL-6527-971463,"[1, 4]",True,
223,Driver_223,Alipurduar,ABCDE3075F,5637 5905 4896,DL-4370-751268,"[3, 2, 4]",False,
224,Driver_224,Alipurduar,ABCDE2917F,2390 4094 1929,DL-3706-107854,"[5, 1, 3, 2]",True,
225,Driver_225,Alipurduar,ABCDE6337F,4301 2086 7035,DL-8017-378040,"[5, 2, 1, 4, 3]",True,
226,Driver_226,Allahabad,ABCDE9825F,7445 8656 4517,DL-1581-927138,[2],False,
227,Driver_227,Allahabad,ABCDE4089F,2887 1320 8751,DL-1380-768386,"[2, 1]",True,
228,Driver_228,Allahabad,ABCDE2879F,2384 6845 8604,DL-1504-280783,"[3, 4, 1]",True,
229,Driver_229,Allahabad,ABCDE2125F,5660 6207 5092,DL-6203-273295,"[5, 1, 4, 3]",False,
230,Driver_230,Allahabad,ABCDE8333F,4384 4382 9151,DL-2905-118068,"[3, 2, 5, 4, 1]",False,
231,Driver_231,Allahabad,ABCDE7040F,3838 4403 7694,DL-5964-534336,[2],True,
232,Driver_232,Allahabad,ABCDE1892F,2109 2343 4831,DL-8871-379523,"[1, 2]",True,
233,Driver_233,Allahabad,ABCDE3831F,9456 3387 3584,DL-9534-450606,"[3, 2, 4]",True,
234,Driver_234,Allahabad,ABCDE4560F,1990 7269 5404,DL-6046-528487,"[3, 2, 5, 1]",False,
235,Driver_235,Allahabad,ABCDE5478F,4320 4517 3156,DL-9089-531803,"[3, 2, 1, 5, 4]",True,
236,Driver_236,Allahabad,ABCDE6479F,3409 7850 5039,DL-4834-264765,[4],False,
237,Driver_237,Allahabad,ABCDE5808F,5027 1775 8263,DL-6827-689122,"[5, 1]",True,
238,Driver_238,Allahabad,ABCDE3165F,4143 7063 4358,DL-5353-508855,"[3, 2, 5]",True,
239,Driver_239,Allahabad,ABCDE4916F,5103 5441 5693,DL-6023-696070,"[2, 3, 1, 4]",False,
240,Driver_240,Allahabad,ABCDE9769F,3158 5224 8569,DL-7441-764734,"[5, 1, 3, 4, 2]",True,
241,Driver_241,Alwar,ABCDE7309F,8799 5939 3410,DL-4012-687909,[5],False,
242,Driver_242,Alwar,ABCDE7345F,8905 2011 6653,DL-1512-570286,"[3, 4]",True,
243,Driver_243,Alwar,ABCDE2109F,9967 8694 6717,DL-9713-790499,"[4, 2, 5]",False,
244,Driver_244,Alwar,ABCDE9206F,2097 7969 7614,DL-9236-262954,"[5, 4, 1, 2]",True,
245,Driver_245,Alwar,ABCDE1678F,5437 8919 9620,DL-5962-159764,"[1, 4, 2, 5, 3]",False,
246,Driver_246,Ambala,ABCDE9146F,5007 2177 2796,DL-2142-370631,[5],False,
247,Driver_247,Ambala,ABCDE3122F,3523 2245 2175,DL-1827-384577,"[3, 5]",False,
248,Driver_248,Ambala,ABCDE6579F,1688 4157 7588,DL-4014-395680,"[5, 1, 4]",False,
249,Driver_249,Ambala,ABCDE8600F,3534 6610 7293,DL-6300-251919,"[3, 5, 2, 4]",False,
250,Driver_250,Ambala,ABCDE3529F,6271 3199 8369,DL-1831-717457,"[1, 4, 2, 5, 3]",False,
251,Driver_251,Ambala,ABCDE5479F,6491 8845 9433,DL-5114-424015,[1],False,
252,Driver_252,Ambala,ABCDE1077F,2625 1235 5620,DL-2549-324025,"[2, 1]",False,
253,Driver_253,Ambala,ABCDE2965F,1863 2174 4154,DL-8138-669232,"[5, 1, 2]",False,
254,Driver_254,Ambala,ABCDE4197F,9466 6075 6420,DL-2204-245986,"[1, 2, 4, 5]",True,
255,Driver_255,Ambala,ABCDE2195F,5475 2915 6899,DL-4722-838369,"[4, 1, 3, 5, 2]",True,
256,Driver_256,Ambala,ABCDE9625F,1124 5082 5875,DL-5847-680387,[5],True,
257,Driver_257,Ambala,ABCDE9328F,7052 7382 7924,DL-5575-577875,"[1, 5]",False,
258,Driver_258,Ambala,ABCDE4592F,5855 5606 3696,DL-9459-757624,"[1, 5, 3]",False,
259,Driver_259,Ambala,ABCDE9100F,8580 7025 7031,DL-4813-530651,"[2, 1, 4, 3]",True,
260,Driver_260,Ambala,ABCDE5405F,3902 4068 1060,DL-3489-182967,"[3, 2, 1, 4, 5]",False,
261,Driver_261,Ambala,ABCDE2832F,9330 4926 3818,DL-7163-102359,[3],True,
262,Driver_262,Ambala,ABCDE6554F,4544 4335 8164,DL-8164-799974,"[4, 5]",True,
263,Driver_263,Ambala,ABCDE9190F,4764 1367 2418,DL-8835-623948,"[3, 4, 5]",False,
264,Driver_264,Ambala,ABCDE7068F,7156 9972 8630,DL-3375-207077,"[2, 4, 1, 3]",True,
265,Driver_265,Ambala,ABCDE3875F,8136 9653 2832,DL-9427-724916,"[5, 1, 3, 2, 4]",False,
266,Driver_266,Ambala,ABCDE5247F,5051 1678 4864,DL-3263-152927,[2],False,
267,Driver_267,Ambala,ABCDE1124F,2052 4652 6822,DL-1590-852595,"[4, 1]",False,
268,Driver_268,Ambala,ABCDE8771F,7783 3687 9538,DL-9995-131810,"[2, 3, 4]",True,
269,Driver_269,Ambala,ABCDE5913F,5469 8052 8069,DL-2593-147345,"[2, 1, 5, 4]",True,
270,Driver_270,Ambala,ABCDE9417F,2533 6775 6270,DL-1606-888223,"[5, 4, 2, 3, 1]",False,
271,Driver_271,Ambala,ABCDE8022F,6555 6531 2692,DL-6167-380528,[5],True,
272,Driver_272,Ambala,ABCDE9431F,8520 7233 3298,DL-2997-635707,"[3, 5]",False,
273,Driver_273,Ambala,ABCDE8829F,4666 7453 5144,DL-7191-894762,"[4, 1, 2]",False,
274,Driver_274,Ambala,ABCDE4661F,4692 1222 9435,DL-8764-453018,"[1, 4, 3, 5]",False,
275,Driver_275,Ambala,ABCDE8398F,2727 3679 5099,DL-6018-957067,"[4, 5, 1, 2, 3]",True,
276,Driver_276,Ambala,ABCDE9000F,9684 2219 6478,DL-4654-571870,[5],True,
277,Driver_277,Ambala,ABCDE3230F,5960 5526 3870,DL-9620-464045,"[3, 1]",True,
278,Driver_278,Ambala,ABCDE2953F,8920 3013 3969,DL-4400-116605,"[2, 4, 5]",True,
279,Driver_279,Ambala,ABCDE7108F,9385 2557 1902,DL-7791-427330,"[3, 4, 5, 1]",False,
280,Driver_280,Ambala,ABCDE6665F,7588 8279 2184,DL-1972-266244,"[5, 3, 1, 4, 2]",False,
281,Driver_281,Amaravati,ABCDE7360F,9552 3567 4588,DL-9848-842804,[1],True,
282,Driver_282,Amaravati,ABCDE2203F,7585 4828 6710,DL-3082-930300,"[1, 3]",True,
283,Driver_283,Amaravati,ABCDE5028F,7919 1517 1036,DL-1314-403865,"[2, 3, 5]",True,
284,Driver_284,Amaravati,ABCDE1127F,9931 8628 6586,DL-3521-861734,"[2, 3, 4, 5]",False,
285,Driver_285,Amaravati,ABCDE6891F,4433 2277 3623,DL-8181-300855,"[3, 4, 1, 2, 5]",True,
286,Driver_286,Amaravati,ABCDE1089F,7547 5624 3766,DL-6224-966039,[5],False,
287,Driver_287,Amaravati,ABCDE6984F,7463 8337 7217,DL-1118-917883,"[1, 5]",False,
288,Driver_288,Amaravati,ABCDE8017F,8344 4310 8232,DL-4458-657092,"[5, 4, 1]",True,
289,Driver_289,Amaravati,ABCDE4543F,7731 9244 1255,DL-2475-521252,"[4, 3, 1, 2]",False,
290,Driver_290,Amaravati,ABCDE8583F,3228 8801 7314,DL-7568-805301,"[1, 2, 5, 4, 3]",False,
291,Driver_291,Amaravati,ABCDE9890F,7658 9185 2483,DL-2933-692844,[3],True,
292,Driver_292,Amaravati,ABCDE2457F,6068 5697 2052,DL-3821-482506,"[3, 5]",True,
293,Driver_293,Amaravati,ABCDE7164F,3503 9758 5225,DL-8360-869359,"[1, 3, 4]",True,
294,Driver_294,Amaravati,ABCDE4750F,7887 9241 4543,DL-8862-416106,"[4, 1, 3, 2]",True,
295,Driver_295,Amaravati,ABCDE9744F,1025 1853 9351,DL-2199-924952,"[3, 5, 4, 1, 2]",True,
296,Driver_296,Amaravati,ABCDE6601F,9958 7176 4595,DL-4522-243045,[1],False,
297,Driver_297,Amaravati,ABCDE3808F,8282 6750 7142,DL-7963-324537,"[3, 2]",True,
298,Driver_298,Amaravati,ABCDE3416F,8799 6488 5793,DL-7942-794737,"[1, 4, 3]",True,
299,Driver_299,Amaravati,ABCDE8650F,1938 9597 2534,DL-8211-375388,"[1, 3, 5, 2]",True,
300,Driver_300,Amaravati,ABCDE7785F,3608 6806 3836,DL-7269-692022,"[1, 5, 2, 3, 4]",True,
301,Driver_301,Amritsar,ABCDE2255F,6548 3233 9157,DL-9516-485793,[5],True,
302,Driver_302,Amritsar,ABCDE8200F,1443 1816 8908,DL-7837-158452,"[4, 5]",False,
303,Driver_303,Amritsar,ABCDE7472F,5241 4989 2196,DL-5368-729310,"[3, 5, 1]",True,
304,Driver_304,Amritsar,ABCDE6375F,1860 1288 9410,DL-9532-161529,"[4, 2, 5, 3]",True,
305,Driver_305,Amritsar,ABCDE3103F,3371 4993 1913,DL-9004-661688,"[1, 3, 2, 5, 4]",False,
306,Driver_306,Amritsar,ABCDE3762F,9192 9370 3858,DL-9778-207032,[1],True,
307,Driver_307,Amritsar,ABCDE3405F,3156 1054 2368,DL-9120-480192,"[3, 5]",True,
308,Driver_308,Amritsar,ABCDE1380F,5766 4178 4593,DL-1938-544871,"[3, 5, 2]",True,
309,Driver_309,Amritsar,ABCDE4202F,4323 3489 4332,DL-5091-141143,"[2, 3, 1, 4]",True,
310,Driver_310,Amritsar,ABCDE5766F,8714 4290 1294,DL-2099-629529,"[3, 2, 5, 1, 4]",True,
311,Driver_311,Amritsar,ABCDE5984F,4336 1886 4800,DL-1486-424457,[4],True,
312,Driver_312,Amritsar,ABCDE9926F,4831 7884 4121,DL-3346-967817,"[1, 2]",True,
313,Driver_313,Amritsar,ABCDE1578F,7545 3888 9263,DL-1380-539195,"[2, 4, 3]",True,
314,Driver_314,Amritsar,ABCDE1471F,9387 6048 2363,DL-5105-898637,"[3, 1, 5, 4]",False,
315,Driver_315,Amritsar,ABCDE3956F,2215 1247 6007,DL-4358-782307,"[5, 4, 2, 3, 1]",True,
316,Driver_316,Asansol,ABCDE7669F,5376 9520 2618,DL-1873-380769,[1],False,
317,Driver_317,Asansol,ABCDE7607F,2009 8401 4841,DL-4452-962595,"[4, 2]",True,
318,Driver_318,Asansol,ABCDE3582F,7264 6326 7377,DL-5060-613118,"[5, 1, 4]",True,
319,Driver_319,Asansol,ABCDE8399F,2724 9955 2228,DL-5975-334044,"[2, 5, 4, 3]",True,
320,Driver_320,Asansol,ABCDE8718F,8729 5478 5908,DL-6441-688165,"[3, 2, 5, 1, 4]",True,
321,Driver_321,Asansol,ABCDE9445F,1486 4321 8965,DL-7429-759210,[5],False,
322,Driver_322,Asansol,ABCDE9658F,9192 1704 6846,DL-9670-499015,"[2, 5]",True,
323,Driver_323,Asansol,ABCDE5572F,1134 8684 1730,DL-8676-143240,"[1, 5, 2]",True,
324,Driver_324,Asansol,ABCDE5166F,4178 1184 5801,DL-4251-774252,"[5, 2, 3, 1]",True,
325,Driver_325,Asansol,ABCDE6537F,7445 6018 1764,DL-8755-620157,"[5, 1, 3, 2, 4]",False,
326,Driver_326,Asansol,ABCDE1707F,2757 7546 4830,DL-7487-844990,[4],True,
327,Driver_327,Asansol,ABCDE5970F,7715 2593 7562,DL-5288-764055,"[3, 4]",False,
328,Driver_328,Asansol,ABCDE5540F,8744 7986 8713,DL-9602-680333,"[4, 5, 1]",True,
329,Driver_329,Asansol,ABCDE5752F,8462 2839 9438,DL-6303-571577,"[3, 1, 5, 2]",True,
330,Driver_330,Asansol,ABCDE5503F,4908 8331 5518,DL-6113-737074,"[1, 2, 3, 5, 4]",True,
331,Driver_331,Asansol,ABCDE3309F,1241 3221 6454,DL-7347-966348,[2],True,
332,Driver_332,Asansol,ABCDE8184F,5351 4236 2304,DL-2947-653003,"[1, 5]",True,
333,Driver_333,Asansol,ABCDE6139F,8999 3335 6611,DL-3184-158895,"[4, 1, 3]",False,
334,Driver_334,Asansol,ABCDE5447F,9433 6052 6228,DL-7973-282664,"[4, 2, 3, 1]",True,
335,Driver_335,Asansol,ABCDE6594F,3632 6450 5456,DL-7210-357494,"[1, 4, 2, 5, 3]",False,
336,Driver_336,Aurangabad,ABCDE3920F,6763 8526 5857,DL-3384-466097,[3],True,
337,Driver_337,Aurangabad,ABCDE5958F,1221 2008 1046,DL-9271-852583,"[1, 3]",False,
338,Driver_338,Aurangabad,ABCDE6064F,2324 2174 8279,DL-7775-580985,"[2, 5, 3]",False,
339,Driver_339,Aurangabad,ABCDE6530F,3641 5490 6568,DL-4505-434222,"[2, 4, 3, 1]",True,
340,Driver_340,Aurangabad,ABCDE6964F,7465 5623 1294,DL-8724-393370,"[5, 4, 3, 2, 1]",True,
341,Driver_341,Aurangabad,ABCDE9928F,4704 6241 7828,DL-9076-765487,[1],False,
342,Driver_342,Aurangabad,ABCDE5452F,8186 5046 1109,DL-8889-583171,"[2, 5]",False,
343,Driver_343,Aurangabad,ABCDE1537F,4173 2669 2706,DL-8106-923983,"[5, 4, 2]",False,
344,Driver_344,Aurangabad,ABCDE1701F,3520 1715 4535,DL-5861-620328,"[1, 5, 3, 4]",False,
345,Driver_345,Aurangabad,ABCDE3200F,9144 4800 3579,DL-5904-637824,"[3, 2, 1, 4, 5]",False,
346,Driver_346,Aurangabad,ABCDE9403F,7986 3888 5078,DL-8069-117313,[2],False,
347,Driver_347,Aurangabad,ABCDE9445F,8382 5366 7052,DL-2273-618357,"[2, 4]",True,
348,Driver_348,Aurangabad,ABCDE9604F,7314 9951 5586,DL-3669-373999,"[4, 5, 2]",True,
349,Driver_349,Aurangabad,ABCDE9459F,2458 8457 8637,DL-2651-320892,"[4, 3, 2, 1]",False,
350,Driver_350,Aurangabad,ABCDE2226F,9334 4386 5344,DL-6485-937355,"[5, 4, 1, 2, 3]",False,
351,Driver_351,Aurangabad,ABCDE2967F,5795 7656 5126,DL-5634-156957,[4],True,
352,Driver_352,Aurangabad,ABCDE6660F,3179 2105 8411,DL-6006-865242,"[3, 4]",False,
353,Driver_353,Aurangabad,ABCDE8349F,2693 4462 2079,DL-1691-724848,"[4, 2, 5]",False,
354,Driver_354,Aurangabad,ABCDE8053F,8300 2122 9853,DL-8068-955519,"[3, 5, 1, 4]",False,
355,Driver_355,Aurangabad,ABCDE7909F,7857 3669 2751,DL-8647-206003,"[2, 3, 4, 5, 1]",True,
356,Driver_356,Aurangabad,ABCDE8091F,8931 4813 5943,DL-4832-524867,[3],False,
357,Driver_357,Aurangabad,ABCDE6560F,3424 5615 3754,DL-7328-746019,"[5, 2]",False,
358,Driver_358,Aurangabad,ABCDE9483F,6358 1293 9947,DL-2524-808078,"[3, 4, 2]",True,
359,Driver_359,Aurangabad,ABCDE3274F,9449 4014 6993,DL-2298-910265,"[5, 2, 3, 1]",False,
360,Driver_360,Aurangabad,ABCDE1310F,8011 5163 4101,DL-7779-193037,"[2, 3, 4, 5, 1]",False,
361,Driver_361,Aurangabad,ABCDE5826F,4609 9993 5961,DL-6882-480437,[2],True,
362,Driver_362,Aurangabad,ABCDE1787F,7828 1947 6879,DL-2057-406114,"[1, 5]",False,
363,Driver_363,Aurangabad,ABCDE4195F,6366 9431 2293,DL-1068-356773,"[2, 3, 5]",True,
364,Driver_364,Aurangabad,ABCDE3370F,2010 1801 2119,DL-4889-660863,"[5, 3, 1, 4]",True,
365,Driver_365,Aurangabad,ABCDE8159F,8052 1669 2887,DL-6376-728463,"[2, 3, 1, 5, 4]",False,
366,Driver_366,Aurangabad,ABCDE6998F,6186 4925 4095,DL-6712-952009,[4],True,
367,Driver_367,Aurangabad,ABCDE5233F,9368 9393 3351,DL-6711-304524,"[1, 2]",True,
368,Driver_368,Aurangabad,ABCDE1945F,9697 2283 4962,DL-5686-656311,"[3, 4, 2]",False,
369,Driver_369,Aurangabad,ABCDE6945F,6094 1770 8637,DL-5159-876253,"[1, 2, 4, 5]",True,
370,Driver_370,Aurangabad,ABCDE5532F,5952 2156 4557,DL-3529-422917,"[3, 4, 2, 5, 1]",False,
371,Driver_371,Aurangabad,ABCDE5619F,1450 3458 9399,DL-1594-617560,[5],True,
372,Driver_372,Aurangabad,ABCDE6132F,8643 4500 9934,DL-2805-339991,"[1, 4]",True,
373,Driver_373,Aurangabad,ABCDE4367F,8611 6596 9739,DL-2997-291091,"[1, 5, 4]",True,
374,Driver_374,Aurangabad,ABCDE3675F,3688 4444 8929,DL-6306-800421,"[1, 5, 2, 4]",True,
375,Driver_375,Aurangabad,ABCDE1099F,8740 9387 4472,DL-1481-404255,"[4, 5, 2, 3, 1]",True,
376,Driver_376,Aurangabad,ABCDE2411F,1192 3433 2708,DL-7380-956532,[5],False,
377,Driver_377,Aurangabad,ABCDE9835F,8128 1561 6926,DL-2485-424421,"[4, 5]",True,
378,Driver_378,Aurangabad,ABCDE7427F,9857 4214 4276,DL-1673-969670,"[2, 4, 5]",True,
379,Driver_379,Aurangabad,ABCDE9818F,6375 1424 4498,DL-7195-984659,"[5, 2, 4, 1]",False,
380,Driver_380,Aurangabad,ABCDE6228F,7821 8035 7080,DL-3218-705401,"[3, 4, 1, 2, 5]",True,
381,Driver_381,Aurangabad,ABCDE3972F,3460 3990 7215,DL-7248-692970,[2],True,
382,Driver_382,Aurangabad,ABCDE3658F,5035 5084 1199,DL-9871-612222,"[2, 3]",False,
383,Driver_383,Aurangabad,ABCDE3731F,9816 7000 7411,DL-1649-636536,"[3, 2, 5]",True,
384,Driver_384,Aurangabad,ABCDE3019F,3163 8058 8712,DL-8793-760377,"[1, 2, 5, 4]",False,
385,Driver_385,Aurangabad,ABCDE8148F,4255 9414 5819,DL-3183-707692,"[5, 3, 4, 1, 2]",True,
386,Driver_386,Bakshpur,ABCDE7484F,8596 4937 3275,DL-8312-746387,[3],True,
387,Driver_387,Bakshpur,ABCDE6308F,8464 5144 5234,DL-6229-936303,"[5, 2]",False,
388,Driver_388,Bakshpur,ABCDE3235F,8754 2400 7941,DL-3671-150384,"[5, 4, 3]",True,
389,Driver_389,Bakshpur,ABCDE9962F,5142 2029 1702,DL-7642-554747,"[2, 1, 4, 5]",True,
390,Driver_390,Bakshpur,ABCDE4567F,5650 6730 9676,DL-9880-824673,"[5, 1, 2, 4, 3]",True,
391,Driver_391,Bakshpur,ABCDE3695F,5776 9068 6623,DL-3778-687766,[2],True,
392,Driver_392,Bakshpur,ABCDE3837F,1854 6655 7466,DL-6014-277418,"[1, 3]",True,
393,Driver_393,Bakshpur,ABCDE7087F,8573 2138 5832,DL-5812-414656,"[3, 2, 4]",True,
394,Driver_394,Bakshpur,ABCDE1807F,6719 6781 9454,DL-6955-636273,"[3, 1, 2, 4]",False,
395,Driver_395,Bakshpur,ABCDE2999F,2373 6638 2470,DL-4138-652535,"[1, 2, 4, 5, 3]",False,
396,Driver_396,Bakshpur,ABCDE5149F,2466 6789 7086,DL-2592-212450,[2],False,
397,Driver_397,Bakshpur,ABCDE4343F,6590 6599 7644,DL-4269-659433,"[3, 4]",True,
398,Driver_398,Bakshpur,ABCDE1860F,3539 3123 3630,DL-2348-339144,"[3, 5, 2]",True,
399,Driver_399,Bakshpur,ABCDE7886F,7477 6678 9427,DL-5481-540063,"[1, 4, 3, 2]",False,
400,Driver_400,Bakshpur,ABCDE2710F,1049 2068 2921,DL-8045-237194,"[2, 5, 1, 3, 4]",True,
401,Driver_401,Bakshpur,ABCDE1272F,6098 8292 9084,DL-4189-975267,[4],True,
402,Driver_402,Bakshpur,ABCDE1253F,1612 4090 8792,DL-2135-701783,"[4, 5]",True,
403,Driver_403,Bakshpur,ABCDE7842F,4324 7298 4065,DL-2633-395164,"[1, 2, 4]",True,
404,Driver_404,Bakshpur,ABCDE4404F,7136 6224 7812,DL-6075-906480,"[4, 1, 2, 3]",False,
405,Driver_405,Bakshpur,ABCDE4784F,1831 5004 9274,DL-6295-664612,"[2, 3, 1, 4, 5]",False,
406,Driver_406,Bakshpur,ABCDE9502F,4474 1871 2649,DL-8681-277148,[2],True,
407,Driver_407,Bakshpur,ABCDE3133F,8697 9062 2791,DL-4186-875839,"[5, 4]",False,
408,Driver_408,Bakshpur,ABCDE8892F,1158 6257 1665,DL-5577-587771,"[1, 4, 2]",True,
409,Driver_409,Bakshpur,ABCDE9136F,1431 7704 9051,DL-9600-721201,"[4, 1, 3, 5]",False,
410,Driver_410,Bakshpur,ABCDE4720F,8009 2881 3646,DL-2426-571802,"[3, 4, 5, 1, 2]",True,
411,Driver_411,Bamanpuri,ABCDE6896F,6689 3326 9714,DL-6770-528222,[1],False,
412,Driver_412,Bamanpuri,ABCDE5315F,2167 6350 5588,DL-1463-604536,"[5, 1]",True,
413,Driver_413,Bamanpuri,ABCDE3507F,3454 9982 8115,DL-4038-615700,"[3, 4, 5]",False,
414,Driver_414,Bamanpuri,ABCDE6680F,1323 5579 7227,DL-4940-961770,"[1, 5, 4, 2]",True,
415,Driver_415,Bamanpuri,ABCDE3499F,8841 3589 8801,DL-7766-245752,"[2, 3, 4, 1, 5]",True,
416,Driver_416,Bamanpuri,ABCDE7522F,2261 2667 6463,DL-7073-686002,[3],True,
417,Driver_417,Bamanpuri,ABCDE5974F,4053 3357 4636,DL-2907-332049,"[2, 5]",True,
418,Driver_418,Bamanpuri,ABCDE8676F,9878 3333 5596,DL-4036-342744,"[1, 2, 4]",True,
419,Driver_419,Bamanpuri,ABCDE9790F,7538 1186 1681,DL-3215-333389,"[5, 2, 3, 1]",True,
420,Driver_420,Bamanpuri,ABCDE9760F,8956 9798 5297,DL-1403-678306,"[2, 5, 3, 4, 1]",True,
421,Driver_421,Bamanpuri,ABCDE7577F,2025 6894 4829,DL-6107-801555,[4],True,
422,Driver_422,Bamanpuri,ABCDE8107F,3675 5518 6241,DL-7215-869250,"[1, 3]",False,
423,Driver_423,Bamanpuri,ABCDE7398F,3798 7335 8245,DL-4209-497353,"[2, 4, 1]",False,
424,Driver_424,Bamanpuri,ABCDE9129F,4831 2688 7284,DL-7860-542909,"[2, 1, 4, 5]",True,
425,Driver_425,Bamanpuri,ABCDE9550F,5020 3411 8523,DL-2442-899035,"[3, 4, 2, 1, 5]",True,
426,Driver_426,Bamanpuri,ABCDE3381F,2322 1669 9046,DL-6656-738842,[5],True,
427,Driver_427,Bamanpuri,ABCDE3231F,7214 5577 5184,DL-8242-752134,"[5, 4]",False,
428,Driver_428,Bamanpuri,ABCDE4740F,7931 4839 4759,DL-7694-550514,"[4, 1, 5]",False,
429,Driver_429,Bamanpuri,ABCDE9787F,3177 8364 7241,DL-2752-135644,"[2, 4, 5, 3]",False,
430,Driver_430,Bamanpuri,ABCDE8223F,1409 3709 8263,DL-8337-678569,"[3, 4, 5, 1, 2]",True,
431,Driver_431,Bamanpuri,ABCDE3108F,4512 5990 3358,DL-6542-436408,[4],False,
432,Driver_432,Bamanpuri,ABCDE3278F,8035 5802 8711,DL-6227-190461,"[2, 3]",True,
433,Driver_433,Bamanpuri,ABCDE5084F,4059 4655 7242,DL-9969-969303,"[5, 2, 4]",True,
434,Driver_434,Bamanpuri,ABCDE6001F,3391 7331 1054,DL-9839-676327,"[1, 3, 4, 5]",True,
435,Driver_435,Bamanpuri,ABCDE4890F,1983 7450 2648,DL-4932-275139,"[2, 4, 5, 1, 3]",False,
436,Driver_436,Baramula,ABCDE6057F,1309 6716 4298,DL-3672-539331,[5],True,
437,Driver_437,Baramula,ABCDE6451F,9172 3227 6904,DL-9061-897283,"[1, 5]",True,
438,Driver_438,Baramula,ABCDE7558F,3329 8172 3513,DL-1304-806224,"[4, 3, 2]",False,
439,Driver_439,Baramula,ABCDE8979F,8324 4103 8145,DL-6984-546165,"[2, 3, 4, 5]",False,
440,Driver_440,Baramula,ABCDE4482F,9809 6037 7487,DL-1426-633858,"[1, 4, 2, 3, 5]",True,
441,Driver_441,Baramula,ABCDE8155F,6837 5684 3241,DL-7066-607794,[1],True,
442,Driver_442,Baramula,ABCDE5664F,4523 8487 9159,DL-8487-424133,"[4, 5]",False,
443,Driver_443,Baramula,ABCDE5863F,5177 5892 6910,DL-9064-318348,"[3, 1, 5]",False,
444,Driver_444,Baramula,ABCDE9924F,3696 7715 3010,DL-7264-697590,"[4, 1, 5, 2]",False,
445,Driver_445,Baramula,ABCDE9742F,1535 3312 9415,DL-7822-503238,"[2, 4, 3, 5, 1]",True,
446,Driver_446,Baramula,ABCDE6253F,4973 3023 3452,DL-9974-317493,[4],True,
447,Driver_447,Baramula,ABCDE2004F,6854 7244 8488,DL-8245-701839,"[3, 5]",False,
448,Driver_448,Baramula,ABCDE3188F,6062 1804 8436,DL-6209-945171,"[5, 2, 4]",True,
449,Driver_449,Baramula,ABCDE3361F,8242 1595 9034,DL-4788-358415,"[5, 4, 2, 3]",False,
450,Driver_450,Baramula,ABCDE7803F,5693 9517 7136,DL-5807-443045,"[3, 5, 4, 1, 2]",True,
451,Driver_451,Baramula,ABCDE8375F,8797 6796 9252,DL-1467-931471,[1],False,
452,Driver_452,Baramula,ABCDE7863F,9967 8866 5746,DL-7335-798500,"[5, 4]",False,
453,Driver_453,Baramula,ABCDE2729F,8468 6373 2638,DL-2413-629146,"[2, 1, 3]",True,
454,Driver_454,Baramula,ABCDE7275F,5936 9534 2914,DL-4406-294435,"[1, 3, 2, 4]",True,
455,Driver_455,Baramula,ABCDE2849F,2447 2358 4038,DL-1034-344151,"[4, 5, 3, 2, 1]",False,
456,Driver_456,Baramula,ABCDE4325F,6317 8780 7382,DL-9168-693724,[3],False,
457,Driver_457,Baramula,ABCDE8909F,7181 1903 3093,DL-1955-444648,"[3, 4]",True,
458,Driver_458,Baramula,ABCDE3271F,6369 6926 8893,DL-7197-251738,"[4, 1, 5]",False,
459,Driver_459,Baramula,ABCDE8428F,8708 9194 2998,DL-7505-261061,"[1, 2, 3, 5]",False,
460,Driver_460,Baramula,ABCDE9375F,1725 2074 1719,DL-8070-150712,"[2, 5, 1, 3, 4]",False,
461,Driver_461,Barddhaman,ABCDE5279F,8112 2248 5886,DL-9084-947091,[3],False,
462,Driver_462,Barddhaman,ABCDE5356F,6913 3222 7271,DL-1302-775613,"[5, 4]",True,
463,Driver_463,Barddhaman,ABCDE8502F,3312 2103 9383,DL-4976-718415,"[2, 3, 1]",False,
464,Driver_464,Barddhaman,ABCDE6511F,3681 7010 9409,DL-4629-403562,"[3, 5, 2, 1]",False,
465,Driver_465,Barddhaman,ABCDE1807F,9409 6558 1244,DL-5103-120060,"[5, 1, 2, 3, 4]",True,
466,Driver_466,Barddhaman,ABCDE2581F,3151 9309 1012,DL-8414-220184,[2],False,
467,Driver_467,Barddhaman,ABCDE4022F,2788 8579 6422,DL-5131-632928,"[3, 5]",True,
468,Driver_468,Barddhaman,ABCDE6272F,3381 7904 2112,DL-2243-576015,"[3, 2, 4]",False,
469,Driver_469,Barddhaman,ABCDE6950F,2691 6874 9607,DL-1938-511459,"[2, 4, 5, 1]",False,
470,Driver_470,Barddhaman,ABCDE1293F,3196 5855 7214,DL-9432-554912,"[2, 4, 5, 1, 3]",False,
471,Driver_471,Barddhaman,ABCDE3590F,6166 3636 8944,DL-7283-923401,[1],False,
472,Driver_472,Barddhaman,ABCDE9779F,1695 2838 2182,DL-1221-169510,"[1, 4]",True,
473,Driver_473,Barddhaman,ABCDE3806F,2792 6663 4680,DL-3236-402424,"[2, 5, 3]",False,
474,Driver_474,Barddhaman,ABCDE3463F,1762 1750 1398,DL-7604-414146,"[2, 3, 4, 5]",False,
475,Driver_475,Barddhaman,ABCDE8914F,8389 8660 1429,DL-9583-234778,"[5, 3, 4, 2, 1]",False,
476,Driver_476,Barddhaman,ABCDE9248F,2056 5155 5689,DL-1175-483108,[5],True,
477,Driver_477,Barddhaman,ABCDE2014F,5158 6994 4033,DL-1775-671723,"[5, 4]",True,
478,Driver_478,Barddhaman,ABCDE5147F,7508 4071 6119,DL-2235-107919,"[2, 5, 3]",True,
479,Driver_479,Barddhaman,ABCDE2615F,7107 9589 3522,DL-9548-918001,"[2, 5, 4, 1]",False,
480,Driver_480,Barddhaman,ABCDE7289F,4383 4806 1898,DL-2352-756067,"[2, 1, 4, 3, 5]",True,
481,Driver_481,Barddhaman,ABCDE5151F,9200 6853 6449,DL-4829-597072,[5],False,
482,Driver_482,Barddhaman,ABCDE2531F,1861 1764 6023,DL-6115-949600,"[2, 3]",False,
483,Driver_483,Barddhaman,ABCDE2995F,6013 3633 2756,DL-1352-796216,"[4, 3, 2]",False,
484,Driver_484,Barddhaman,ABCDE1092F,6878 5165 3019,DL-7396-957752,"[3, 5, 4, 1]",True,
485,Driver_485,Barddhaman,ABCDE9477F,9400 9435 2236,DL-9697-617473,"[1, 4, 3, 5, 2]",False,
486,Driver_486,Bareilly,ABCDE7751F,6861 1668 8122,DL-8917-194757,[5],False,
487,Driver_487,Bareilly,ABCDE7953F,6020 5419 7765,DL-3814-805987,"[5, 2]",False,
488,Driver_488,Bareilly,ABCDE4704F,6402 3743 6451,DL-3342-825130,"[4, 2, 5]",False,
489,Driver_489,Bareilly,ABCDE7513F,7672 9451 6304,DL-6941-871620,"[3, 1, 5, 2]",True,
490,Driver_490,Bareilly,ABCDE8095F,2509 2553 6790,DL-8667-570103,"[1, 2, 5, 4, 3]",False,
491,Driver_491,Bareilly,ABCDE4272F,2765 3883 6108,DL-6864-216005,[3],True,
492,Driver_492,Bareilly,ABCDE3967F,7857 5816 6051,DL-3403-321337,"[1, 4]",True,
493,Driver_493,Bareilly,ABCDE6874F,7463 9274 9932,DL-9111-218938,"[5, 3, 4]",False,
494,Driver_494,Bareilly,ABCDE6655F,8521 1427 5454,DL-3224-519936,"[4, 5, 2, 3]",False,
495,Driver_495,Bareilly,ABCDE3777F,7371 5090 2819,DL-1057-545834,"[3, 5, 1, 2, 4]",False,
496,Driver_496,Bareilly,ABCDE1146F,2944 4634 2322,DL-9632-678096,[2],True,
497,Driver_497,Bareilly,ABCDE7870F,4742 1236 9552,DL-1223-501025,"[1, 4]",True,
498,Driver_498,Bareilly,ABCDE8201F,6143 1519 6006,DL-8966-254988,"[2, 4, 1]",True,
499,Driver_499,Bareilly,ABCDE2310F,3126 5839 6736,DL-9145-624397,"[4, 2, 1, 3]",False,
500,Driver_500,Bareilly,ABCDE7670F,1826 4022 6543,DL-2367-880376,"[4, 2, 1, 3, 5]",False,
